{"cameraMode":{"drawMode":0,"name":"Shaded","section":"Shading Mode"},"sceneLighting":true,"audioPlay":false,"sceneViewState":{"showFog":true,"showMaterialUpdate":false,"showSkybox":true,"showFlares":true,"showImageEffects":true,"showParticleSystems":true},"in2DMode":false,"pivot":{"x":9.871865272521973,"y":4.628989219665527,"z":-3.226442575454712},"rotation":{"x":-0.23052151501178742,"y":0.03997601941227913,"z":-0.00949626974761486,"w":-0.972222626209259},"size":4.041658401489258,"orthographic":false}