{"cameraMode":{"drawMode":0,"name":"Shaded","section":"Shading Mode"},"sceneLighting":true,"audioPlay":false,"sceneViewState":{"showFog":true,"showMaterialUpdate":false,"showSkybox":true,"showFlares":true,"showImageEffects":true,"showParticleSystems":true},"in2DMode":false,"pivot":{"x":32.24460983276367,"y":-2.5985257625579836,"z":20.41531753540039},"rotation":{"x":0.07416095584630966,"y":0.16821222007274629,"z":-0.012703745625913144,"w":0.9829143285751343},"size":26.336517333984376,"orthographic":false}