{"cameraMode":{"drawMode":0,"name":"Shaded","section":"Shading Mode"},"sceneLighting":true,"audioPlay":false,"sceneViewState":{"showFog":true,"showMaterialUpdate":false,"showSkybox":true,"showFlares":true,"showImageEffects":true,"showParticleSystems":true},"in2DMode":false,"pivot":{"x":-26.96404457092285,"y":13.2426118850708,"z":-21.923831939697267},"rotation":{"x":-0.04064050689339638,"y":0.08741503208875656,"z":-0.0035939891822636129,"w":-0.9953635334968567},"size":4.041658401489258,"orthographic":false}