{"cameraMode":{"drawMode":0,"name":"Shaded","section":"Shading Mode"},"sceneLighting":true,"audioPlay":false,"sceneViewState":{"showFog":true,"showMaterialUpdate":false,"showSkybox":true,"showFlares":true,"showImageEffects":true,"showParticleSystems":true},"in2DMode":false,"pivot":{"x":2.2434003353118898,"y":5.306930065155029,"z":-9.004018783569336},"rotation":{"x":-0.02668881230056286,"y":0.0014943793648853899,"z":0.000053556475904770195,"w":0.9996916651725769},"size":10.219629287719727,"orthographic":false}