{"cameraMode":{"drawMode":0,"name":"Shaded","section":"Shading Mode"},"sceneLighting":true,"audioPlay":false,"sceneViewState":{"showFog":true,"showMaterialUpdate":false,"showSkybox":true,"showFlares":true,"showImageEffects":true,"showParticleSystems":true},"in2DMode":false,"pivot":{"x":-18.95905303955078,"y":18.31339454650879,"z":-42.29739761352539},"rotation":{"x":-0.012309076264500618,"y":-0.0084012346342206,"z":0.00007251043280120939,"w":-0.9999158382415772},"size":4.041658401489258,"orthographic":false}