{"cameraMode":{"drawMode":0,"name":"Shaded","section":"Shading Mode"},"sceneLighting":true,"audioPlay":false,"sceneViewState":{"showFog":true,"showMaterialUpdate":false,"showSkybox":true,"showFlares":true,"showImageEffects":true,"showParticleSystems":true},"in2DMode":false,"pivot":{"x":-3.8772072792053224,"y":4.652426719665527,"z":8.414175033569336},"rotation":{"x":0.02645857445895672,"y":0.13067615032196046,"z":0.0034871355164796116,"w":-0.9910717606544495},"size":20.819133758544923,"orthographic":false}