{"cameraMode":{"drawMode":0,"name":"Shaded","section":"Shading Mode"},"sceneLighting":true,"audioPlay":false,"sceneViewState":{"showFog":true,"showMaterialUpdate":false,"showSkybox":true,"showFlares":true,"showImageEffects":true,"showParticleSystems":true},"in2DMode":false,"pivot":{"x":4.5379157066345219,"y":3.5418593883514406,"z":-8.242425918579102},"rotation":{"x":0.06366193294525147,"y":0.34163975715637209,"z":-0.02320118248462677,"w":0.9373959302902222},"size":10.0,"orthographic":false}