{"cameraMode":{"drawMode":0,"name":"Shaded","section":"Shading Mode"},"sceneLighting":true,"audioPlay":false,"sceneViewState":{"showFog":true,"showMaterialUpdate":false,"showSkybox":true,"showFlares":true,"showImageEffects":true,"showParticleSystems":true},"in2DMode":false,"pivot":{"x":42.76893615722656,"y":2.997058391571045,"z":-8.943489074707032},"rotation":{"x":-0.07008683681488037,"y":0.13633045554161073,"z":-0.009684252552688122,"w":-0.9881660342216492},"size":5.7157673835754398,"orthographic":false}